,Last_Update,Confirmed,Deaths,Recovered,Active,Latitude,Longitude,name
13315,2020-03-05,2.0,0.0,0.0,,37.75215114,-122.4385672,San Francisco
13048,2020-03-07,9.0,0.0,0.0,,37.75215114,-122.4385672,San Francisco
56386,2020-03-08,9.0,0.0,0.0,,37.75215114,-122.4385672,San Francisco
16715,2020-03-23,131.0,0.0,0.0,0.0,37.75215114,-122.4385672,San Francisco
2866,2020-03-24,152.0,0.0,0.0,0.0,37.75215114,-122.4385672,San Francisco
6283,2020-03-25,178.0,1.0,0.0,0.0,37.75215114,-122.4385672,San Francisco
50455,2020-03-26,223.0,2.0,0.0,0.0,37.75215114,-122.4385672,San Francisco
47026,2020-03-27,279.0,3.0,0.0,0.0,37.75215114,-122.4385672,San Francisco
33219,2020-03-28,308.0,4.0,0.0,0.0,37.75215114,-122.4385672,San Francisco
29785,2020-03-29,340.0,4.0,0.0,0.0,37.75215114,-122.4385672,San Francisco
37125,2020-03-30,374.0,6.0,0.0,0.0,37.75215114,-122.4385672,San Francisco
39741,2020-03-31,397.0,6.0,0.0,0.0,37.75215114,-122.4385672,San Francisco
42219,2020-04-01,434.0,7.0,0.0,0.0,37.75215114,-122.4385672,San Francisco
8986,2020-04-02,450.0,7.0,0.0,0.0,37.75215114,-122.4385672,San Francisco
11599,2020-04-03,497.0,7.0,0.0,0.0,37.75215114,-122.4385672,San Francisco
25684,2020-04-04,529.0,8.0,0.0,0.0,37.75215114,-122.4385672,San Francisco
22986,2020-04-05,568.0,8.0,0.0,0.0,37.75215114,-122.4385672,San Francisco
53349,2020-04-06,583.0,9.0,0.0,0.0,37.75215114,-122.4385672,San Francisco
17722,3/22/20 23,108.0,0.0,0.0,0.0,37.75215114,-122.4385672,San Francisco
15478,2020-03-23,75.0,0.0,0.0,0.0,27.9276559,-82.32013172,Tampa
1629,2020-03-24,91.0,0.0,0.0,0.0,27.9276559,-82.32013172,Tampa
5046,2020-03-25,106.0,0.0,0.0,0.0,27.9276559,-82.32013172,Tampa
49218,2020-03-26,142.0,1.0,0.0,0.0,27.9276559,-82.32013172,Tampa
45789,2020-03-27,167.0,1.0,0.0,0.0,27.9276559,-82.32013172,Tampa
31982,2020-03-28,195.0,2.0,0.0,0.0,27.9276559,-82.32013172,Tampa
28548,2020-03-29,218.0,2.0,0.0,0.0,27.9276559,-82.32013172,Tampa
35888,2020-03-30,253.0,2.0,0.0,0.0,27.9276559,-82.32013172,Tampa
38910,2020-03-31,305.0,3.0,0.0,0.0,27.9276559,-82.32013172,Tampa
41369,2020-04-01,309.0,3.0,0.0,0.0,27.9276559,-82.32013172,Tampa
8109,2020-04-02,404.0,5.0,0.0,0.0,27.9276559,-82.32013172,Tampa
10695,2020-04-03,463.0,5.0,0.0,0.0,27.9276559,-82.32013172,Tampa
24754,2020-04-04,497.0,5.0,0.0,0.0,27.9276559,-82.32013172,Tampa
22026,2020-04-05,536.0,5.0,0.0,0.0,27.9276559,-82.32013172,Tampa
52371,2020-04-06,571.0,5.0,0.0,0.0,27.9276559,-82.32013172,Tampa
17824,3/22/20 23,58.0,0.0,0.0,0.0,27.9276559,-82.32013172,Tampa
14834,2020-03-23,922.0,9.0,0.0,0.0,41.84144849,-87.81658794,Chicago
985,2020-03-24,1194.0,9.0,0.0,0.0,41.84144849,-87.81658794,Chicago
4402,2020-03-25,1418.0,14.0,0.0,0.0,41.84144849,-87.81658794,Chicago
48575,2020-03-26,1418.0,18.0,0.0,0.0,41.84144849,-87.81658794,Chicago
45146,2020-03-27,2239.0,20.0,0.0,0.0,41.84144849,-87.81658794,Chicago
31339,2020-03-28,2613.0,28.0,0.0,0.0,41.84144849,-87.81658794,Chicago
27905,2020-03-29,3445.0,40.0,0.0,0.0,41.84144849,-87.81658794,Chicago
35245,2020-03-30,3727.0,44.0,0.0,0.0,41.84144849,-87.81658794,Chicago
38505,2020-03-31,4496.0,61.0,0.0,0.0,41.84144849,-87.81658794,Chicago
40951,2020-04-01,5152.0,95.0,0.0,0.0,41.84144849,-87.81658794,Chicago
7672,2020-04-02,5575.0,107.0,0.0,0.0,41.84144849,-87.81658794,Chicago
10247,2020-04-03,6111.0,141.0,0.0,0.0,41.84144849,-87.81658794,Chicago
24297,2020-04-04,7439.0,167.0,0.0,0.0,41.84144849,-87.81658794,Chicago
21548,2020-04-05,8034.0,186.0,0.0,0.0,41.84144849,-87.81658794,Chicago
51881,2020-04-06,8728.0,209.0,0.0,0.0,41.84144849,-87.81658794,Chicago
17758,3/22/20 23,805.0,4.0,0.0,0.0,41.84144849,-87.81658794,Chicago
34289,2020-03-02,1.0,0.0,0.0,,40.7672726,-73.97152637,New York City
34398,2020-03-05,4.0,0.0,0.0,,40.7672726,-73.97152637,New York City
16273,2020-03-23,12305.0,99.0,0.0,0.0,40.7672726,-73.97152637,New York City
2424,2020-03-24,14904.0,131.0,0.0,0.0,40.7672726,-73.97152637,New York City
5841,2020-03-25,17856.0,199.0,0.0,0.0,40.7672726,-73.97152637,New York City
50013,2020-03-26,21873.0,281.0,0.0,0.0,40.7672726,-73.97152637,New York City
46584,2020-03-27,25573.0,366.0,0.0,0.0,40.7672726,-73.97152637,New York City
32777,2020-03-28,29776.0,517.0,0.0,0.0,40.7672726,-73.97152637,New York City
29343,2020-03-29,33768.0,678.0,0.0,0.0,40.7672726,-73.97152637,New York City
36683,2020-03-30,37453.0,790.0,0.0,0.0,40.7672726,-73.97152637,New York City
39453,2020-03-31,43119.0,932.0,0.0,0.0,40.7672726,-73.97152637,New York City
41926,2020-04-01,47439.0,1139.0,0.0,0.0,40.7672726,-73.97152637,New York City
8684,2020-04-02,51809.0,1397.0,0.0,0.0,40.7672726,-73.97152637,New York City
11284,2020-04-03,57159.0,1584.0,0.0,0.0,40.7672726,-73.97152637,New York City
25361,2020-04-04,63306.0,1905.0,0.0,0.0,40.7672726,-73.97152637,New York City
22648,2020-04-05,67551.0,2256.0,0.0,0.0,40.7672726,-73.97152637,New York City
53004,2020-04-06,72181.0,3485.0,0.0,0.0,40.7672726,-73.97152637,New York City
17621,3/22/20 23,9654.0,63.0,0.0,0.0,40.7672726,-73.97152637,New York City
15509,2020-03-23,0.0,0.0,0.0,0.0,31.31925973,-95.42226208,Houston
1660,2020-03-24,0.0,0.0,0.0,0.0,31.31925973,-95.42226208,Houston
5077,2020-03-25,0.0,0.0,0.0,0.0,31.31925973,-95.42226208,Houston
49249,2020-03-26,0.0,0.0,0.0,0.0,31.31925973,-95.42226208,Houston
45820,2020-03-27,0.0,0.0,0.0,0.0,31.31925973,-95.42226208,Houston
32013,2020-03-28,0.0,0.0,0.0,0.0,31.31925973,-95.42226208,Houston
28579,2020-03-29,0.0,0.0,0.0,0.0,31.31925973,-95.42226208,Houston
35919,2020-03-30,0.0,0.0,0.0,0.0,31.31925973,-95.42226208,Houston
20445,3/22/20 23,0.0,0.0,0.0,0.0,31.31925973,-95.42226208,Houston
17229,2020-03-23,638.0,8.0,0.0,0.0,42.28098405,-83.281255,Detroit
3378,2020-03-24,876.0,13.0,0.0,0.0,42.28098405,-83.281255,Detroit
6794,2020-03-25,1122.0,21.0,0.0,0.0,42.28098405,-83.281255,Detroit
50964,2020-03-26,1389.0,26.0,0.0,0.0,42.28098405,-83.281255,Detroit
47542,2020-03-27,1810.0,37.0,0.0,0.0,42.28098405,-83.281255,Detroit
33732,2020-03-28,2316.0,46.0,0.0,0.0,42.28098405,-83.281255,Detroit
30302,2020-03-29,2704.0,56.0,0.0,0.0,42.28098405,-83.281255,Detroit
37646,2020-03-30,3195.0,83.0,0.0,0.0,42.28098405,-83.281255,Detroit
40122,2020-03-31,3735.0,120.0,0.0,0.0,42.28098405,-83.281255,Detroit
42606,2020-04-01,4470.0,146.0,0.0,0.0,42.28098405,-83.281255,Detroit
9387,2020-04-02,5069.0,194.0,0.0,0.0,42.28098405,-83.281255,Detroit
12008,2020-04-03,6096.0,223.0,0.0,0.0,42.28098405,-83.281255,Detroit
26101,2020-04-04,6762.0,252.0,0.0,0.0,42.28098405,-83.281255,Detroit
23416,2020-04-05,7518.0,293.0,0.0,0.0,42.28098405,-83.281255,Detroit
53787,2020-04-06,8270.0,346.0,0.0,0.0,42.28098405,-83.281255,Detroit
17789,3/22/20 23,477.0,5.0,0.0,0.0,42.28098405,-83.281255,Detroit
15712,2020-03-23,1170.0,87.0,0.0,0.0,47.49137892,-121.8346131,Seattle
1863,2020-03-24,1170.0,87.0,0.0,0.0,47.49137892,-121.8346131,Seattle
5280,2020-03-25,1359.0,101.0,0.0,0.0,47.49137892,-121.8346131,Seattle
49452,2020-03-26,1577.0,109.0,0.0,0.0,47.49137892,-121.8346131,Seattle
46023,2020-03-27,1577.0,109.0,0.0,0.0,47.49137892,-121.8346131,Seattle
32216,2020-03-28,2077.0,136.0,0.0,0.0,47.49137892,-121.8346131,Seattle
28782,2020-03-29,2159.0,141.0,0.0,0.0,47.49137892,-121.8346131,Seattle
36122,2020-03-30,2161.0,144.0,0.0,0.0,47.49137892,-121.8346131,Seattle
39069,2020-03-31,2330.0,150.0,0.0,0.0,47.49137892,-121.8346131,Seattle
41531,2020-04-01,2330.0,150.0,0.0,0.0,47.49137892,-121.8346131,Seattle
8274,2020-04-02,2656.0,175.0,0.0,0.0,47.49137892,-121.8346131,Seattle
10862,2020-04-03,2787.0,186.0,0.0,0.0,47.49137892,-121.8346131,Seattle
24927,2020-04-04,2898.0,200.0,0.0,0.0,47.49137892,-121.8346131,Seattle
22203,2020-04-05,3167.0,208.0,0.0,0.0,47.49137892,-121.8346131,Seattle
52549,2020-04-06,3331.0,222.0,0.0,0.0,47.49137892,-121.8346131,Seattle
17666,3/22/20 23,1040.0,75.0,0.0,0.0,47.49137892,-121.8346131,Seattle
16926,2020-03-23,154.0,1.0,0.0,0.0,42.3279514,-71.07850442,Boston
3077,2020-03-24,234.0,1.0,0.0,0.0,42.3279514,-71.07850442,Boston
6494,2020-03-25,342.0,1.0,0.0,0.0,42.3279514,-71.07850442,Boston
50666,2020-03-26,448.0,2.0,0.0,0.0,42.3279514,-71.07850442,Boston
47237,2020-03-27,631.0,2.0,0.0,0.0,42.3279514,-71.07850442,Boston
33430,2020-03-28,843.0,3.0,0.0,0.0,42.3279514,-71.07850442,Boston
29996,2020-03-29,940.0,3.0,0.0,0.0,42.3279514,-71.07850442,Boston
37336,2020-03-30,1115.0,5.0,0.0,0.0,42.3279514,-71.07850442,Boston
39888,2020-03-31,1373.0,6.0,0.0,0.0,42.3279514,-71.07850442,Boston
42369,2020-04-01,1624.0,13.0,0.0,0.0,42.3279514,-71.07850442,Boston
9139,2020-04-02,1896.0,19.0,0.0,0.0,42.3279514,-71.07850442,Boston
11752,2020-04-03,2183.0,21.0,0.0,0.0,42.3279514,-71.07850442,Boston
25840,2020-04-04,2429.0,26.0,0.0,0.0,42.3279514,-71.07850442,Boston
23148,2020-04-05,2658.0,27.0,0.0,0.0,42.3279514,-71.07850442,Boston
53513,2020-04-06,2929.0,31.0,0.0,0.0,42.3279514,-71.07850442,Boston
17906,3/22/20 23,126.0,1.0,0.0,0.0,42.3279514,-71.07850442,Boston
16136,2020-03-23,204.0,3.0,0.0,0.0,43.00486062,-87.96733172,Milwaukee
2287,2020-03-24,243.0,3.0,0.0,0.0,43.00486062,-87.96733172,Milwaukee
5704,2020-03-25,325.0,4.0,0.0,0.0,43.00486062,-87.96733172,Milwaukee
49876,2020-03-26,347.0,7.0,0.0,0.0,43.00486062,-87.96733172,Milwaukee
46447,2020-03-27,411.0,8.0,0.0,0.0,43.00486062,-87.96733172,Milwaukee
32640,2020-03-28,541.0,9.0,0.0,0.0,43.00486062,-87.96733172,Milwaukee
29206,2020-03-29,606.0,10.0,0.0,0.0,43.00486062,-87.96733172,Milwaukee
36546,2020-03-30,617.0,10.0,0.0,0.0,43.00486062,-87.96733172,Milwaukee
39355,2020-03-31,710.0,11.0,0.0,0.0,43.00486062,-87.96733172,Milwaukee
41825,2020-04-01,780.0,12.0,0.0,0.0,43.00486062,-87.96733172,Milwaukee
8582,2020-04-02,869.0,16.0,0.0,0.0,43.00486062,-87.96733172,Milwaukee
11179,2020-04-03,1023.0,24.0,0.0,0.0,43.00486062,-87.96733172,Milwaukee
25257,2020-04-04,1023.0,24.0,0.0,0.0,43.00486062,-87.96733172,Milwaukee
22542,2020-04-05,1190.0,39.0,0.0,0.0,43.00486062,-87.96733172,Milwaukee
52894,2020-04-06,1256.0,40.0,0.0,0.0,43.00486062,-87.96733172,Milwaukee
18146,3/22/20 23,182.0,2.0,0.0,0.0,43.00486062,-87.96733172,Milwaukee
27225,1/26/20 16,1.0,,,,51.2538,-85.3232,Toronto
27271,1/27/20 23,1.0,,,,51.2538,-85.3232,Toronto
44457,1/28/20 23,1.0,,,,51.2538,-85.3232,Toronto
44509,1/29/20 19,1.0,,,,51.2538,-85.3232,Toronto
14034,1/30/20 16,2.0,,,,51.2538,-85.3232,Toronto
13973,1/31/2020 ,2.0,,,,51.2538,-85.3232,Toronto
56261,2/1/2020 1,3.0,0.0,0.0,,51.2538,-85.3232,Toronto
13835,2020-02-01,3.0,0.0,0.0,,51.2538,-85.3232,Toronto
56348,2020-03-09,34.0,0.0,4.0,,51.2538,-85.3232,Toronto
12458,2020-03-10,36.0,0.0,4.0,,51.2538,-85.3232,Toronto
12669,2020-03-11,41.0,0.0,4.0,,51.2538,-85.3232,Toronto
43026,2020-03-11,74.0,0.0,4.0,,51.2538,-85.3232,Toronto
43285,2020-03-12,42.0,0.0,4.0,,51.2538,-85.3232,Toronto
54486,2020-03-14,79.0,0.0,4.0,,51.2538,-85.3232,Toronto
54731,2020-03-15,104.0,0.0,4.0,,51.2538,-85.3232,Toronto
26809,2020-03-16,177.0,0.0,5.0,,51.2538,-85.3232,Toronto
26542,2020-03-17,185.0,1.0,5.0,,51.2538,-85.3232,Toronto
44188,2020-03-18,221.0,1.0,5.0,,51.2538,-85.3232,Toronto
43902,2020-03-19,257.0,1.0,5.0,,51.2538,-85.3232,Toronto
55386,2020-03-20,308.0,2.0,5.0,,51.2538,-85.3232,Toronto
55686,2020-03-21,377.0,3.0,6.0,,51.2538,-85.3232,Toronto
17433,2020-03-23,503.0,6.0,0.0,0.0,51.2538,-85.3232,Toronto
3581,2020-03-24,588.0,7.0,0.0,0.0,51.2538,-85.3232,Toronto
6997,2020-03-25,688.0,8.0,0.0,0.0,51.2538,-85.3232,Toronto
51168,2020-03-26,858.0,13.0,0.0,0.0,51.2538,-85.3232,Toronto
47746,2020-03-27,994.0,18.0,0.0,0.0,51.2538,-85.3232,Toronto
33938,2020-03-28,1144.0,18.0,0.0,0.0,51.2538,-85.3232,Toronto
30508,2020-03-29,1355.0,21.0,0.0,0.0,51.2538,-85.3232,Toronto
37852,2020-03-30,1706.0,31.0,0.0,0.0,51.2538,-85.3232,Toronto
40284,2020-03-31,1966.0,33.0,0.0,0.0,51.2538,-85.3232,Toronto
42769,2020-04-01,2392.0,37.0,0.0,0.0,51.2538,-85.3232,Toronto
9555,2020-04-02,2793.0,53.0,0.0,0.0,51.2538,-85.3232,Toronto
12180,2020-04-03,3255.0,67.0,0.0,0.0,51.2538,-85.3232,Toronto
26273,2020-04-04,3630.0,94.0,0.0,0.0,51.2538,-85.3232,Toronto
23591,2020-04-05,4354.0,119.0,0.0,0.0,51.2538,-85.3232,Toronto
53965,2020-04-06,4347.0,150.0,0.0,0.0,51.2538,-85.3232,Toronto
20797,3/22/20 23,425.0,5.0,0.0,0.0,51.2538,-85.3232,Toronto
13975,1/31/2020 ,2.0,,,,41.87194,12.56738,Italy
56262,1/31/2020 ,2.0,0.0,0.0,,41.87194,12.56738,Italy
13430,2020-01-31,2.0,0.0,0.0,,41.87194,12.56738,Italy
255,2020-02-07,3.0,0.0,0.0,,41.87194,12.56738,Italy
14083,2020-02-21,20.0,1.0,0.0,,41.87194,12.56738,Italy
55186,2020-02-22,62.0,2.0,1.0,,41.87194,12.56738,Italy
55258,2020-02-23,155.0,3.0,2.0,,41.87194,12.56738,Italy
43766,2020-02-24,229.0,7.0,1.0,,41.87194,12.56738,Italy
43668,2020-02-25,322.0,10.0,1.0,,41.87194,12.56738,Italy
14,2020-02-26,453.0,12.0,3.0,,41.87194,12.56738,Italy
111,2020-02-27,655.0,17.0,45.0,,41.87194,12.56738,Italy
54185,2020-02-28,888.0,21.0,46.0,,41.87194,12.56738,Italy
54296,2020-02-29,1128.0,29.0,46.0,,41.87194,12.56738,Italy
13668,2020-03-01,1694.0,34.0,83.0,,41.87194,12.56738,Italy
56077,2020-03-02,2036.0,52.0,149.0,,41.87194,12.56738,Italy
55926,2020-03-03,2502.0,79.0,160.0,,41.87194,12.56738,Italy
34143,2020-03-04,3089.0,107.0,276.0,,41.87194,12.56738,Italy
34303,2020-03-05,3858.0,148.0,414.0,,41.87194,12.56738,Italy
13185,2020-03-06,4636.0,197.0,523.0,,41.87194,12.56738,Italy
12959,2020-03-07,5883.0,233.0,589.0,,41.87194,12.56738,Italy
56550,2020-03-08,7375.0,366.0,622.0,,41.87194,12.56738,Italy
56284,2020-03-09,9172.0,463.0,724.0,,41.87194,12.56738,Italy
12389,2020-03-10,10149.0,631.0,724.0,,41.87194,12.56738,Italy
12595,2020-03-11,12462.0,827.0,1045.0,,41.87194,12.56738,Italy
43037,2020-03-11,17660.0,1266.0,1439.0,,41.87194,12.56738,Italy
54411,2020-03-14,21157.0,1441.0,1966.0,,41.87194,12.56738,Italy
54660,2020-03-14,24747.0,1809.0,2335.0,,41.87194,12.56738,Italy
26758,2020-03-16,27980.0,2158.0,2749.0,,41.87194,12.56738,Italy
26482,2020-03-17,31506.0,2503.0,2941.0,,41.87194,12.56738,Italy
44129,2020-03-18,35713.0,2978.0,4025.0,,41.87194,12.56738,Italy
43837,2020-03-19,41035.0,3405.0,4440.0,,41.87194,12.56738,Italy
55322,2020-03-20,47021.0,4032.0,4440.0,,41.87194,12.56738,Italy
55621,2020-03-21,53578.0,4825.0,6072.0,,41.87194,12.56738,Italy
17534,2020-03-23,63927.0,6077.0,7432.0,50418.0,41.87194,12.56738,Italy
3685,2020-03-24,69176.0,6820.0,8326.0,54030.0,41.87194,12.56738,Italy
7103,2020-03-25,74386.0,7503.0,9362.0,57521.0,41.87194,12.56738,Italy
51275,2020-03-26,80589.0,8215.0,10361.0,62013.0,41.87194,12.56738,Italy
47854,2020-03-27,86498.0,9134.0,10950.0,66414.0,41.87194,12.56738,Italy
34047,2020-03-28,92472.0,10023.0,12384.0,70065.0,41.87194,12.56738,Italy
30617,2020-03-29,97689.0,10779.0,13030.0,73880.0,41.87194,12.56738,Italy
37962,2020-03-30,101739.0,11591.0,14620.0,75528.0,41.87194,12.56738,Italy
40395,2020-03-31,105792.0,12428.0,15729.0,77635.0,41.87194,12.56738,Italy
42880,2020-04-01,110574.0,13155.0,16847.0,80572.0,41.87194,12.56738,Italy
9666,2020-04-02,115242.0,13915.0,18278.0,83049.0,41.87194,12.56738,Italy
12291,2020-04-03,119827.0,14681.0,19758.0,85388.0,41.87194,12.56738,Italy
26384,2020-04-04,124632.0,15362.0,20996.0,88274.0,41.87194,12.56738,Italy
23703,2020-04-05,128948.0,15887.0,21815.0,91246.0,41.87194,12.56738,Italy
54077,2020-04-06,132547.0,16523.0,22837.0,93187.0,41.87194,12.56738,Italy
20854,3/22/20 23,59138.0,5476.0,7024.0,46638.0,41.87194,12.56738,Italy
56274,2/1/2020 2,1.0,0.0,0.0,,40.4637,-3.7492,Spain
13443,2020-02-01,1.0,0.0,0.0,,40.4637,-3.7492,Spain
12864,2020-02-09,2.0,0.0,0.0,,40.4637,-3.7492,Spain
260,2020-02-15,2.0,0.0,2.0,,40.4637,-3.7492,Spain
43703,2020-02-25,6.0,0.0,2.0,,40.4637,-3.7492,Spain
46,2020-02-26,13.0,0.0,2.0,,40.4637,-3.7492,Spain
147,2020-02-27,15.0,0.0,2.0,,40.4637,-3.7492,Spain
54220,2020-02-28,32.0,0.0,2.0,,40.4637,-3.7492,Spain
54330,2020-02-29,45.0,0.0,2.0,,40.4637,-3.7492,Spain
13701,2020-03-01,84.0,0.0,2.0,,40.4637,-3.7492,Spain
56106,2020-03-02,120.0,0.0,2.0,,40.4637,-3.7492,Spain
55951,2020-03-03,165.0,1.0,2.0,,40.4637,-3.7492,Spain
34166,2020-03-04,222.0,2.0,2.0,,40.4637,-3.7492,Spain
34324,2020-03-05,259.0,3.0,2.0,,40.4637,-3.7492,Spain
13202,2020-03-06,400.0,5.0,2.0,,40.4637,-3.7492,Spain
12974,2020-03-07,500.0,10.0,30.0,,40.4637,-3.7492,Spain
56563,2020-03-08,673.0,17.0,30.0,,40.4637,-3.7492,Spain
56292,2020-03-09,1073.0,28.0,32.0,,40.4637,-3.7492,Spain
12393,2020-03-10,1695.0,35.0,32.0,,40.4637,-3.7492,Spain
12599,2020-03-11,2277.0,54.0,183.0,,40.4637,-3.7492,Spain
43125,2020-03-11,5232.0,133.0,193.0,,40.4637,-3.7492,Spain
43210,2020-03-12,2277.0,55.0,183.0,,40.4637,-3.7492,Spain
54414,2020-03-14,6391.0,195.0,517.0,,40.4637,-3.7492,Spain
54663,2020-03-15,7798.0,289.0,517.0,,40.4637,-3.7492,Spain
26760,2020-03-16,9942.0,342.0,530.0,,40.4637,-3.7492,Spain
26484,2020-03-17,11748.0,533.0,1028.0,,40.4637,-3.7492,Spain
44131,2020-03-18,13910.0,623.0,1081.0,,40.4637,-3.7492,Spain
43839,2020-03-19,17963.0,830.0,1107.0,,40.4637,-3.7492,Spain
55323,2020-03-20,20410.0,1043.0,1588.0,,40.4637,-3.7492,Spain
55622,2020-03-21,25374.0,1375.0,2125.0,,40.4637,-3.7492,Spain
17596,2020-03-23,35136.0,2311.0,3355.0,29470.0,40.4637,-3.7492,Spain
3749,2020-03-24,39885.0,2808.0,3794.0,33283.0,40.4637,-3.7492,Spain
7169,2020-03-25,49515.0,3647.0,5367.0,40501.0,40.4637,-3.7492,Spain
51342,2020-03-26,57786.0,4365.0,7015.0,46406.0,40.4637,-3.7492,Spain
47921,2020-03-27,65719.0,5138.0,9357.0,51224.0,40.4637,-3.7492,Spain
34115,2020-03-28,73235.0,5982.0,12285.0,54968.0,40.4637,-3.7492,Spain
30685,2020-03-29,80110.0,6803.0,14709.0,58598.0,40.4637,-3.7492,Spain
38030,2020-03-30,87956.0,7716.0,16780.0,63460.0,40.4637,-3.7492,Spain
40464,2020-03-31,95923.0,8464.0,19259.0,68200.0,40.4637,-3.7492,Spain
42949,2020-04-01,104118.0,9387.0,22647.0,72084.0,40.4637,-3.7492,Spain
9736,2020-04-02,112065.0,10348.0,26743.0,74974.0,40.4637,-3.7492,Spain
12361,2020-04-03,119199.0,11198.0,30513.0,77488.0,40.4637,-3.7492,Spain
26454,2020-04-04,126168.0,11947.0,34219.0,80002.0,40.4637,-3.7492,Spain
23774,2020-04-05,131646.0,12641.0,38080.0,80925.0,40.4637,-3.7492,Spain
54149,2020-04-06,136675.0,13341.0,40437.0,82897.0,40.4637,-3.7492,Spain
20855,3/22/20 23,28603.0,1756.0,2125.0,24722.0,40.4637,-3.7492,Spain
55001,1/24/20 17,2.0,France,France,France,46.2276,2.2137,France
54957,1/25/20 17,3.0,France,France,France,46.2276,2.2137,France
27221,1/26/20 16,3.0,France,France,France,46.2276,2.2137,France
27268,1/27/20 23,3.0,France,France,France,46.2276,2.2137,France
44454,1/28/20 23,4.0,France,France,France,46.2276,2.2137,France
44506,1/29/20 19,5.0,France,France,France,46.2276,2.2137,France
14031,1/30/20 16,5.0,France,France,France,46.2276,2.2137,France
13965,1/31/2020 ,5.0,France,France,France,46.2276,2.2137,France
56255,2/1/2020 1,6.0,0.0,0.0,France,46.2276,2.2137,France
13421,2020-02-01,6.0,0.0,0.0,France,46.2276,2.2137,France
13562,2020-02-08,11.0,0.0,0.0,France,46.2276,2.2137,France
12850,2020-02-12,11.0,0.0,2.0,France,46.2276,2.2137,France
246,2020-02-15,12.0,1.0,4.0,France,46.2276,2.2137,France
43696,2020-02-25,14.0,1.0,11.0,France,46.2276,2.2137,France
43,2020-02-26,18.0,2.0,11.0,France,46.2276,2.2137,France
141,2020-02-27,38.0,2.0,11.0,France,46.2276,2.2137,France
54213,2020-02-28,57.0,2.0,11.0,France,46.2276,2.2137,France
54321,2020-02-29,100.0,2.0,12.0,France,46.2276,2.2137,France
13694,2020-03-01,130.0,2.0,12.0,France,46.2276,2.2137,France
56098,2020-03-02,191.0,3.0,12.0,France,46.2276,2.2137,France
55947,2020-03-03,204.0,4.0,12.0,France,46.2276,2.2137,France
34162,2020-03-04,285.0,4.0,12.0,France,46.2276,2.2137,France
34319,2020-03-05,377.0,6.0,12.0,France,46.2276,2.2137,France
13195,2020-03-06,653.0,9.0,12.0,France,46.2276,2.2137,France
12966,2020-03-07,949.0,11.0,12.0,France,46.2276,2.2137,France
56556,2020-03-08,1126.0,19.0,12.0,France,46.2276,2.2137,France
56290,2020-03-09,1209.0,19.0,12.0,France,46.2276,2.2137,France
12392,2020-03-10,1784.0,33.0,12.0,France,46.2276,2.2137,France
12598,2020-03-11,2281.0,48.0,12.0,France,46.2276,2.2137,France
43054,2020-03-11,3661.0,79.0,12.0,France,46.2276,2.2137,France
54416,2020-03-14,4469.0,91.0,12.0,France,46.2276,2.2137,France
54665,2020-03-15,4499.0,91.0,12.0,France,46.2276,2.2137,France
26763,2020-03-16,6633.0,148.0,12.0,France,46.2276,2.2137,France
26487,2020-03-17,7652.0,148.0,12.0,France,46.2276,2.2137,France
44133,2020-03-18,9043.0,148.0,12.0,France,46.2276,2.2137,France
43841,2020-03-19,10871.0,243.0,12.0,France,46.2276,2.2137,France
55326,2020-03-20,12612.0,450.0,12.0,France,46.2276,2.2137,France
55625,2020-03-21,14282.0,562.0,12.0,France,46.2276,2.2137,France
3663,2020-03-24,22304.0,1100.0,3281.0,17923.0,46.2276,2.2137,France
7080,2020-03-25,25233.0,1331.0,3900.0,20002.0,46.2276,2.2137,France
51252,2020-03-26,29155.0,1696.0,4948.0,22511.0,46.2276,2.2137,France
47831,2020-03-27,32964.0,1995.0,5700.0,25269.0,46.2276,2.2137,France
34024,2020-03-28,37575.0,2314.0,5700.0,29561.0,46.2276,2.2137,France
30594,2020-03-29,40174.0,2606.0,7202.0,30366.0,46.2276,2.2137,France
37939,2020-03-30,44550.0,3024.0,7927.0,33599.0,46.2276,2.2137,France
40372,2020-03-31,52128.0,3523.0,9444.0,39161.0,46.2276,2.2137,France
42857,2020-04-01,56989.0,4032.0,10934.0,42023.0,46.2276,2.2137,France
9643,2020-04-02,59105.0,5387.0,12428.0,41290.0,46.2276,2.2137,France
12268,2020-04-03,64338.0,6507.0,14008.0,43823.0,46.2276,2.2137,France
26361,2020-04-04,89953.0,7560.0,15438.0,66955.0,46.2276,2.2137,France
23680,2020-04-05,92839.0,8078.0,16183.0,68578.0,46.2276,2.2137,France
54054,2020-04-06,98010.0,8911.0,17250.0,71849.0,46.2276,2.2137,France
20858,3/22/20 23,16018.0,674.0,2200.0,13144.0,46.2276,2.2137,France
56253,2/1/2020 1,8.0,0.0,0.0,,51.1657,10.4515,Germany
13826,2020-02-02,10.0,0.0,0.0,,51.1657,10.4515,Germany
13416,2020-02-03,12.0,0.0,0.0,,51.1657,10.4515,Germany
13560,2020-02-07,13.0,0.0,0.0,,51.1657,10.4515,Germany
13632,2020-02-09,14.0,0.0,0.0,,51.1657,10.4515,Germany
12848,2020-02-11,16.0,0.0,0.0,,51.1657,10.4515,Germany
12921,2020-02-13,16.0,0.0,1.0,,51.1657,10.4515,Germany
244,2020-02-18,16.0,0.0,12.0,,51.1657,10.4515,Germany
14086,2020-02-21,16.0,0.0,14.0,,51.1657,10.4515,Germany
43694,2020-02-25,17.0,0.0,14.0,,51.1657,10.4515,Germany
40,2020-02-26,27.0,0.0,15.0,,51.1657,10.4515,Germany
137,2020-02-27,46.0,0.0,16.0,,51.1657,10.4515,Germany
54214,2020-02-28,48.0,0.0,16.0,,51.1657,10.4515,Germany
54325,2020-02-29,79.0,0.0,16.0,,51.1657,10.4515,Germany
13695,2020-03-01,130.0,0.0,16.0,,51.1657,10.4515,Germany
56101,2020-03-02,159.0,0.0,16.0,,51.1657,10.4515,Germany
55948,2020-03-03,196.0,0.0,16.0,,51.1657,10.4515,Germany
34163,2020-03-04,262.0,0.0,16.0,,51.1657,10.4515,Germany
34316,2020-03-05,482.0,0.0,16.0,,51.1657,10.4515,Germany
13194,2020-03-06,670.0,0.0,17.0,,51.1657,10.4515,Germany
12968,2020-03-07,799.0,0.0,18.0,,51.1657,10.4515,Germany
56557,2020-03-08,1040.0,0.0,18.0,,51.1657,10.4515,Germany
56291,2020-03-09,1176.0,2.0,18.0,,51.1657,10.4515,Germany
12394,2020-03-10,1457.0,2.0,18.0,,51.1657,10.4515,Germany
12600,2020-03-11,1908.0,3.0,25.0,,51.1657,10.4515,Germany
43028,2020-03-11,3675.0,7.0,46.0,,51.1657,10.4515,Germany
43211,2020-03-12,2078.0,3.0,25.0,,51.1657,10.4515,Germany
54415,2020-03-14,4585.0,9.0,46.0,,51.1657,10.4515,Germany
54664,2020-03-15,5795.0,11.0,46.0,,51.1657,10.4515,Germany
26762,2020-03-16,7272.0,17.0,67.0,,51.1657,10.4515,Germany
26485,2020-03-17,9257.0,24.0,67.0,,51.1657,10.4515,Germany
44132,2020-03-18,12327.0,28.0,105.0,,51.1657,10.4515,Germany
43840,2020-03-19,15320.0,44.0,113.0,,51.1657,10.4515,Germany
55324,2020-03-20,19848.0,67.0,180.0,,51.1657,10.4515,Germany
55623,2020-03-21,22213.0,84.0,233.0,,51.1657,10.4515,Germany
17516,2020-03-23,29056.0,123.0,453.0,28480.0,51.1657,10.4515,Germany
3667,2020-03-24,32986.0,157.0,3243.0,29586.0,51.1657,10.4515,Germany
7084,2020-03-25,37323.0,206.0,3547.0,33570.0,51.1657,10.4515,Germany
51256,2020-03-26,43938.0,267.0,5673.0,37998.0,51.1657,10.4515,Germany
47835,2020-03-27,50871.0,342.0,6658.0,43871.0,51.1657,10.4515,Germany
34028,2020-03-28,57695.0,433.0,8481.0,48781.0,51.1657,10.4515,Germany
30598,2020-03-29,62095.0,533.0,9211.0,52351.0,51.1657,10.4515,Germany
37943,2020-03-30,66885.0,645.0,13500.0,52740.0,51.1657,10.4515,Germany
40376,2020-03-31,71808.0,775.0,16100.0,54933.0,51.1657,10.4515,Germany
42861,2020-04-01,77872.0,920.0,18700.0,58252.0,51.1657,10.4515,Germany
9647,2020-04-02,84794.0,1107.0,22440.0,61247.0,51.1657,10.4515,Germany
12272,2020-04-03,91159.0,1275.0,24575.0,65309.0,51.1657,10.4515,Germany
26365,2020-04-04,96092.0,1444.0,26400.0,68248.0,51.1657,10.4515,Germany
23684,2020-04-05,100123.0,1584.0,28700.0,69839.0,51.1657,10.4515,Germany
54058,2020-04-06,103374.0,1810.0,28700.0,72864.0,51.1657,10.4515,Germany
20856,3/22/20 23,24873.0,94.0,266.0,24513.0,51.1657,10.4515,Germany
43061,2020-03-11,798.0,8.0,18.0,United Kingdom,55.3781,-3.436,United Kingdom
54421,2020-03-14,1140.0,21.0,18.0,United Kingdom,55.3781,-3.436,United Kingdom
54671,2020-03-14,1140.0,21.0,18.0,United Kingdom,55.3781,-3.436,United Kingdom
26765,2020-03-16,1543.0,55.0,20.0,United Kingdom,55.3781,-3.436,United Kingdom
26489,2020-03-17,1950.0,55.0,52.0,United Kingdom,55.3781,-3.436,United Kingdom
44136,2020-03-18,2626.0,71.0,65.0,United Kingdom,55.3781,-3.436,United Kingdom
43845,2020-03-19,2689.0,137.0,65.0,United Kingdom,55.3781,-3.436,United Kingdom
55330,2020-03-20,3983.0,177.0,65.0,United Kingdom,55.3781,-3.436,United Kingdom
55629,2020-03-21,5018.0,233.0,65.0,United Kingdom,55.3781,-3.436,United Kingdom
17614,2020-03-23,6650.0,335.0,135.0,6180.0,55.3781,-3.436,United Kingdom
3767,2020-03-24,8077.0,422.0,135.0,7520.0,55.3781,-3.436,United Kingdom
7187,2020-03-25,9529.0,465.0,135.0,8929.0,55.3781,-3.436,United Kingdom
51360,2020-03-26,11658.0,578.0,135.0,10945.0,55.3781,-3.436,United Kingdom
47939,2020-03-27,14543.0,759.0,135.0,13649.0,55.3781,-3.436,United Kingdom
34133,2020-03-28,17089.0,1019.0,135.0,15935.0,55.3781,-3.436,United Kingdom
30703,2020-03-29,19522.0,1228.0,135.0,18159.0,55.3781,-3.436,United Kingdom
38048,2020-03-30,22141.0,1408.0,135.0,20598.0,55.3781,-3.436,United Kingdom
40482,2020-03-31,25150.0,1789.0,135.0,23226.0,55.3781,-3.436,United Kingdom
42967,2020-04-01,29474.0,2352.0,135.0,26987.0,55.3781,-3.436,United Kingdom
9754,2020-04-02,33718.0,2921.0,135.0,30662.0,55.3781,-3.436,United Kingdom
12379,2020-04-03,38168.0,3605.0,135.0,34428.0,55.3781,-3.436,United Kingdom
26472,2020-04-04,41903.0,4313.0,135.0,37455.0,55.3781,-3.436,United Kingdom
23792,2020-04-05,47806.0,4934.0,135.0,42737.0,55.3781,-3.436,United Kingdom
54167,2020-04-06,51608.0,5373.0,135.0,46100.0,55.3781,-3.436,United Kingdom
20861,3/22/20 23,5683.0,281.0,93.0,5309.0,55.3781,-3.436,United Kingdom
85,2020-02-26,1.0,0.0,0.0,,60.472,8.4689,Norway
191,2020-02-27,1.0,0.0,0.0,,60.472,8.4689,Norway
54232,2020-02-28,6.0,0.0,0.0,,60.472,8.4689,Norway
54341,2020-02-29,15.0,0.0,0.0,,60.472,8.4689,Norway
13715,2020-03-01,19.0,0.0,0.0,,60.472,8.4689,Norway
56123,2020-03-02,25.0,0.0,0.0,,60.472,8.4689,Norway
55972,2020-03-03,32.0,0.0,0.0,,60.472,8.4689,Norway
34183,2020-03-04,56.0,0.0,0.0,,60.472,8.4689,Norway
34340,2020-03-05,87.0,0.0,0.0,,60.472,8.4689,Norway
13220,2020-03-06,108.0,0.0,0.0,,60.472,8.4689,Norway
12990,2020-03-07,147.0,0.0,0.0,,60.472,8.4689,Norway
56580,2020-03-08,176.0,0.0,0.0,,60.472,8.4689,Norway
56314,2020-03-09,205.0,0.0,1.0,,60.472,8.4689,Norway
12410,2020-03-10,400.0,0.0,1.0,,60.472,8.4689,Norway
12612,2020-03-11,598.0,0.0,1.0,,60.472,8.4689,Norway
43053,2020-03-11,996.0,0.0,1.0,,60.472,8.4689,Norway
43219,2020-03-12,702.0,0.0,1.0,,60.472,8.4689,Norway
54422,2020-03-14,1090.0,3.0,1.0,,60.472,8.4689,Norway
54670,2020-03-15,1221.0,3.0,1.0,,60.472,8.4689,Norway
26768,2020-03-16,1333.0,3.0,1.0,,60.472,8.4689,Norway
26492,2020-03-17,1463.0,3.0,1.0,,60.472,8.4689,Norway
44140,2020-03-18,1550.0,6.0,1.0,,60.472,8.4689,Norway
43849,2020-03-19,1746.0,7.0,1.0,,60.472,8.4689,Norway
55334,2020-03-20,1914.0,7.0,1.0,,60.472,8.4689,Norway
55633,2020-03-21,2118.0,7.0,1.0,,60.472,8.4689,Norway
17570,2020-03-23,2621.0,10.0,6.0,2605.0,60.472,8.4689,Norway
3723,2020-03-24,2863.0,12.0,6.0,2845.0,60.472,8.4689,Norway
7142,2020-03-25,3084.0,14.0,6.0,3064.0,60.472,8.4689,Norway
51315,2020-03-26,3369.0,14.0,6.0,3349.0,60.472,8.4689,Norway
47894,2020-03-27,3755.0,19.0,6.0,3730.0,60.472,8.4689,Norway
34088,2020-03-28,4015.0,23.0,7.0,3985.0,60.472,8.4689,Norway
30658,2020-03-29,4284.0,25.0,7.0,4252.0,60.472,8.4689,Norway
38003,2020-03-30,4445.0,32.0,12.0,4401.0,60.472,8.4689,Norway
40436,2020-03-31,4641.0,39.0,13.0,4589.0,60.472,8.4689,Norway
42921,2020-04-01,4863.0,44.0,13.0,4806.0,60.472,8.4689,Norway
9708,2020-04-02,5147.0,50.0,32.0,5065.0,60.472,8.4689,Norway
12333,2020-04-03,5370.0,59.0,32.0,5279.0,60.472,8.4689,Norway
26426,2020-04-04,5550.0,62.0,32.0,5456.0,60.472,8.4689,Norway
23745,2020-04-05,5687.0,71.0,32.0,5584.0,60.472,8.4689,Norway
54119,2020-04-06,5865.0,76.0,32.0,5757.0,60.472,8.4689,Norway
20865,3/22/20 23,2263.0,7.0,6.0,2250.0,60.472,8.4689,Norway
13987,1/31/2020 ,1.0,,,,60.1282,18.6435,Sweden
56276,2/1/2020 2,1.0,0.0,0.0,,60.1282,18.6435,Sweden
273,2020-02-01,1.0,0.0,0.0,,60.1282,18.6435,Sweden
68,2020-02-26,2.0,0.0,0.0,,60.1282,18.6435,Sweden
155,2020-02-27,7.0,0.0,0.0,,60.1282,18.6435,Sweden
54343,2020-02-29,12.0,0.0,0.0,,60.1282,18.6435,Sweden
13720,2020-03-01,14.0,0.0,0.0,,60.1282,18.6435,Sweden
56130,2020-03-02,15.0,0.0,0.0,,60.1282,18.6435,Sweden
55976,2020-03-03,21.0,0.0,0.0,,60.1282,18.6435,Sweden
34191,2020-03-04,35.0,0.0,0.0,,60.1282,18.6435,Sweden
34338,2020-03-05,94.0,0.0,0.0,,60.1282,18.6435,Sweden
13222,2020-03-06,101.0,0.0,0.0,,60.1282,18.6435,Sweden
12989,2020-03-07,161.0,0.0,0.0,,60.1282,18.6435,Sweden
56578,2020-03-08,203.0,0.0,0.0,,60.1282,18.6435,Sweden
56311,2020-03-09,248.0,0.0,1.0,,60.1282,18.6435,Sweden
12413,2020-03-10,355.0,0.0,1.0,,60.1282,18.6435,Sweden
12616,2020-03-11,500.0,1.0,1.0,,60.1282,18.6435,Sweden
43051,2020-03-11,814.0,1.0,1.0,,60.1282,18.6435,Sweden
43225,2020-03-12,599.0,1.0,1.0,,60.1282,18.6435,Sweden
54425,2020-03-14,961.0,2.0,1.0,,60.1282,18.6435,Sweden
54673,2020-03-15,1022.0,3.0,1.0,,60.1282,18.6435,Sweden
26771,2020-03-16,1103.0,6.0,1.0,,60.1282,18.6435,Sweden
26498,2020-03-17,1190.0,7.0,1.0,,60.1282,18.6435,Sweden
44143,2020-03-18,1279.0,10.0,1.0,,60.1282,18.6435,Sweden
43850,2020-03-19,1439.0,11.0,16.0,,60.1282,18.6435,Sweden
55335,2020-03-20,1639.0,16.0,16.0,,60.1282,18.6435,Sweden
55635,2020-03-21,1763.0,20.0,16.0,,60.1282,18.6435,Sweden
17600,2020-03-23,2046.0,25.0,16.0,2005.0,60.1282,18.6435,Sweden
3753,2020-03-24,2286.0,36.0,16.0,2234.0,60.1282,18.6435,Sweden
7173,2020-03-25,2526.0,62.0,16.0,2448.0,60.1282,18.6435,Sweden
51346,2020-03-26,2840.0,77.0,16.0,2747.0,60.1282,18.6435,Sweden
47925,2020-03-27,3069.0,105.0,16.0,2948.0,60.1282,18.6435,Sweden
34119,2020-03-28,3447.0,105.0,16.0,3326.0,60.1282,18.6435,Sweden
30689,2020-03-29,3700.0,110.0,16.0,3574.0,60.1282,18.6435,Sweden
38034,2020-03-30,4028.0,146.0,16.0,3866.0,60.1282,18.6435,Sweden
40468,2020-03-31,4435.0,180.0,16.0,4239.0,60.1282,18.6435,Sweden
42953,2020-04-01,4947.0,239.0,103.0,4605.0,60.1282,18.6435,Sweden
9740,2020-04-02,5568.0,308.0,103.0,5157.0,60.1282,18.6435,Sweden
12365,2020-04-03,6131.0,358.0,205.0,5568.0,60.1282,18.6435,Sweden
26458,2020-04-04,6443.0,373.0,205.0,5865.0,60.1282,18.6435,Sweden
23778,2020-04-05,6830.0,401.0,205.0,6224.0,60.1282,18.6435,Sweden
54153,2020-04-06,7206.0,477.0,205.0,6524.0,60.1282,18.6435,Sweden
20866,3/22/20 23,1931.0,21.0,16.0,1894.0,60.1282,18.6435,Sweden
334,2020-02-19,2.0,2.0,0.0,,32.4279,53.688,Iran
14176,2020-02-20,5.0,2.0,0.0,,32.4279,53.688,Iran
14084,2020-02-21,18.0,4.0,0.0,,32.4279,53.688,Iran
55188,2020-02-22,28.0,5.0,0.0,,32.4279,53.688,Iran
55271,2020-02-23,43.0,8.0,0.0,,32.4279,53.688,Iran
43781,2020-02-24,61.0,12.0,0.0,,32.4279,53.688,Iran
43680,2020-02-25,95.0,16.0,0.0,,32.4279,53.688,Iran
25,2020-02-26,139.0,19.0,49.0,,32.4279,53.688,Iran
121,2020-02-27,245.0,26.0,49.0,,32.4279,53.688,Iran
54193,2020-02-28,388.0,34.0,73.0,,32.4279,53.688,Iran
54303,2020-02-29,593.0,43.0,123.0,,32.4279,53.688,Iran
13674,2020-03-01,978.0,54.0,175.0,,32.4279,53.688,Iran
56078,2020-03-02,1501.0,66.0,291.0,,32.4279,53.688,Iran
55927,2020-03-03,2336.0,77.0,291.0,,32.4279,53.688,Iran
34144,2020-03-04,2922.0,92.0,552.0,,32.4279,53.688,Iran
34304,2020-03-05,3513.0,107.0,739.0,,32.4279,53.688,Iran
13184,2020-03-06,4747.0,124.0,913.0,,32.4279,53.688,Iran
12960,2020-03-07,5823.0,145.0,1669.0,,32.4279,53.688,Iran
56552,2020-03-08,6566.0,194.0,2134.0,,32.4279,53.688,Iran
56286,2020-03-09,7161.0,237.0,2394.0,,32.4279,53.688,Iran
12596,2020-03-11,9000.0,354.0,2959.0,,32.4279,53.688,Iran
43072,2020-03-11,11364.0,514.0,2959.0,,32.4279,53.688,Iran
43207,2020-03-12,10075.0,429.0,2959.0,,32.4279,53.688,Iran
54412,2020-03-14,12729.0,611.0,2959.0,,32.4279,53.688,Iran
54661,2020-03-15,13938.0,724.0,4590.0,,32.4279,53.688,Iran
26759,2020-03-16,14991.0,853.0,4590.0,,32.4279,53.688,Iran
26483,2020-03-17,16169.0,988.0,5389.0,,32.4279,53.688,Iran
44130,2020-03-18,17361.0,1135.0,5389.0,,32.4279,53.688,Iran
43838,2020-03-19,18407.0,1284.0,5710.0,,32.4279,53.688,Iran
55325,2020-03-20,19644.0,1433.0,6745.0,,32.4279,53.688,Iran
55624,2020-03-21,20610.0,1556.0,7635.0,,32.4279,53.688,Iran
17530,2020-03-23,23049.0,1812.0,8376.0,12861.0,32.4279,53.688,Iran
3681,2020-03-24,24811.0,1934.0,8913.0,13964.0,32.4279,53.688,Iran
7099,2020-03-25,27017.0,2077.0,9625.0,15315.0,32.4279,53.688,Iran
51271,2020-03-26,29406.0,2234.0,10457.0,16715.0,32.4279,53.688,Iran
47850,2020-03-27,32332.0,2378.0,11133.0,18821.0,32.4279,53.688,Iran
34043,2020-03-28,35408.0,2517.0,11679.0,21212.0,32.4279,53.688,Iran
30613,2020-03-29,38309.0,2640.0,12391.0,23278.0,32.4279,53.688,Iran
37958,2020-03-30,41495.0,2757.0,13911.0,24827.0,32.4279,53.688,Iran
40391,2020-03-31,44605.0,2898.0,14656.0,27051.0,32.4279,53.688,Iran
42876,2020-04-01,47593.0,3036.0,15473.0,29084.0,32.4279,53.688,Iran
9662,2020-04-02,50468.0,3160.0,16711.0,30597.0,32.4279,53.688,Iran
12287,2020-04-03,53183.0,3294.0,17935.0,31954.0,32.4279,53.688,Iran
26380,2020-04-04,55743.0,3452.0,19736.0,32555.0,32.4279,53.688,Iran
23699,2020-04-05,58226.0,3603.0,19736.0,34887.0,32.4279,53.688,Iran
54073,2020-04-06,60500.0,3739.0,24236.0,32525.0,32.4279,53.688,Iran
20857,3/22/20 23,21638.0,1685.0,7635.0,12318.0,32.4279,53.688,Iran
12390,2020-03-10,8042.0,291.0,2731.0,,32.4279,53.688,Iran
12790,2020-03-11,1.0,0.0,0.0,,38.9637,35.2433,Turkey
43055,2020-03-11,5.0,0.0,0.0,,38.9637,35.2433,Turkey
54589,2020-03-13,5.0,0.0,0.0,,38.9637,35.2433,Turkey
54838,2020-03-15,6.0,0.0,0.0,,38.9637,35.2433,Turkey
26912,2020-03-16,18.0,0.0,0.0,,38.9637,35.2433,Turkey
26609,2020-03-17,47.0,1.0,0.0,,38.9637,35.2433,Turkey
44222,2020-03-18,98.0,1.0,0.0,,38.9637,35.2433,Turkey
43916,2020-03-19,192.0,3.0,0.0,,38.9637,35.2433,Turkey
55380,2020-03-20,359.0,4.0,0.0,,38.9637,35.2433,Turkey
55658,2020-03-21,670.0,9.0,0.0,,38.9637,35.2433,Turkey
17610,2020-03-23,1529.0,37.0,0.0,1492.0,38.9637,35.2433,Turkey
3763,2020-03-24,1872.0,44.0,0.0,1828.0,38.9637,35.2433,Turkey
7183,2020-03-25,2433.0,59.0,26.0,2348.0,38.9637,35.2433,Turkey
51356,2020-03-26,3629.0,75.0,26.0,3528.0,38.9637,35.2433,Turkey
47935,2020-03-27,5698.0,92.0,42.0,5564.0,38.9637,35.2433,Turkey
34129,2020-03-28,7402.0,108.0,70.0,7224.0,38.9637,35.2433,Turkey
30699,2020-03-29,9217.0,131.0,105.0,8981.0,38.9637,35.2433,Turkey
38044,2020-03-30,10827.0,168.0,162.0,10497.0,38.9637,35.2433,Turkey
40478,2020-03-31,13531.0,214.0,243.0,13074.0,38.9637,35.2433,Turkey
42963,2020-04-01,15679.0,277.0,333.0,15069.0,38.9637,35.2433,Turkey
9750,2020-04-02,18135.0,356.0,415.0,17364.0,38.9637,35.2433,Turkey
12375,2020-04-03,20921.0,425.0,484.0,20012.0,38.9637,35.2433,Turkey
26468,2020-04-04,23934.0,501.0,786.0,22647.0,38.9637,35.2433,Turkey
23788,2020-04-05,27069.0,574.0,1042.0,25453.0,38.9637,35.2433,Turkey
54163,2020-04-06,30217.0,649.0,1326.0,28242.0,38.9637,35.2433,Turkey
20871,3/22/20 23,1236.0,30.0,0.0,1206.0,38.9637,35.2433,Turkey
12620,2020-03-11,435.0,8.0,326.0,,40.1824,116.4142,Beijing
43232,2020-03-12,435.0,8.0,334.0,,40.1824,116.4142,Beijing
42987,2020-03-13,436.0,8.0,342.0,,40.1824,116.4142,Beijing
54440,2020-03-14,437.0,8.0,349.0,,40.1824,116.4142,Beijing
54689,2020-03-15,442.0,8.0,353.0,,40.1824,116.4142,Beijing
26789,2020-03-16,452.0,8.0,360.0,,40.1824,116.4142,Beijing
26513,2020-03-17,456.0,8.0,369.0,,40.1824,116.4142,Beijing
44160,2020-03-18,469.0,8.0,378.0,,40.1824,116.4142,Beijing
43874,2020-03-19,480.0,8.0,380.0,,40.1824,116.4142,Beijing
55364,2020-03-20,491.0,8.0,390.0,,40.1824,116.4142,Beijing
55672,2020-03-21,504.0,8.0,396.0,,40.1824,116.4142,Beijing
17383,2020-03-23,537.0,8.0,401.0,128.0,40.1824,116.4142,Beijing
3532,2020-03-24,558.0,8.0,401.0,149.0,40.1824,116.4142,Beijing
6948,2020-03-25,561.0,8.0,403.0,150.0,40.1824,116.4142,Beijing
51118,2020-03-26,566.0,8.0,406.0,152.0,40.1824,116.4142,Beijing
47696,2020-03-27,569.0,8.0,408.0,153.0,40.1824,116.4142,Beijing
33887,2020-03-28,573.0,8.0,410.0,155.0,40.1824,116.4142,Beijing
30457,2020-03-29,577.0,8.0,412.0,157.0,40.1824,116.4142,Beijing
37801,2020-03-30,577.0,8.0,415.0,154.0,40.1824,116.4142,Beijing
40233,2020-03-31,580.0,8.0,418.0,154.0,40.1824,116.4142,Beijing
42718,2020-04-01,580.0,8.0,418.0,154.0,40.1824,116.4142,Beijing
9503,2020-04-02,582.0,8.0,424.0,150.0,40.1824,116.4142,Beijing
12128,2020-04-03,584.0,8.0,434.0,142.0,40.1824,116.4142,Beijing
26220,2020-04-04,585.0,8.0,438.0,139.0,40.1824,116.4142,Beijing
23538,2020-04-05,586.0,8.0,441.0,137.0,40.1824,116.4142,Beijing
53912,2020-04-06,587.0,8.0,443.0,136.0,40.1824,116.4142,Beijing
20827,3/22/20 7:,514.0,8.0,400.0,106.0,40.1824,116.4142,Beijing
43424,1/22/2020 ,14.0,,,,40.1824,116.4142,Beijing
43462,1/23/20 17,22.0,,,,40.1824,116.4142,Beijing
54964,1/24/20 17,36.0,,1.0,,40.1824,116.4142,Beijing
54922,1/25/20 17,41.0,,2.0,,40.1824,116.4142,Beijing
27185,1/26/20 16,68.0,,2.0,,40.1824,116.4142,Beijing
27232,1/27/20 23,80.0,1.0,2.0,,40.1824,116.4142,Beijing
44421,1/28/20 23,91.0,1.0,4.0,,40.1824,116.4142,Beijing
44472,1/29/20 19,111.0,1.0,4.0,,40.1824,116.4142,Beijing
13999,1/30/20 16,114.0,1.0,4.0,,40.1824,116.4142,Beijing
13937,1/31/2020 ,139.0,1.0,5.0,,40.1824,116.4142,Beijing
56228,2/1/2020 9,168.0,1.0,9.0,,40.1824,116.4142,Beijing
13802,2020-02-02,191.0,1.0,9.0,,40.1824,116.4142,Beijing
13869,2020-02-03,212.0,1.0,12.0,,40.1824,116.4142,Beijing
13463,2020-02-04,228.0,1.0,23.0,,40.1824,116.4142,Beijing
13392,2020-02-05,253.0,1.0,24.0,,40.1824,116.4142,Beijing
34485,2020-02-06,274.0,1.0,31.0,,40.1824,116.4142,Beijing
34556,2020-02-07,297.0,1.0,33.0,,40.1824,116.4142,Beijing
13533,2020-02-08,315.0,2.0,34.0,,40.1824,116.4142,Beijing
13605,2020-02-09,326.0,2.0,37.0,,40.1824,116.4142,Beijing
43591,2020-02-10,337.0,2.0,44.0,,40.1824,116.4142,Beijing
43519,2020-02-11,342.0,3.0,48.0,,40.1824,116.4142,Beijing
12822,2020-02-12,352.0,3.0,56.0,,40.1824,116.4142,Beijing
12895,2020-02-13,366.0,3.0,69.0,,40.1824,116.4142,Beijing
27116,2020-02-14,372.0,3.0,80.0,,40.1824,116.4142,Beijing
27041,2020-02-15,375.0,4.0,98.0,,40.1824,116.4142,Beijing
55014,2020-02-16,380.0,4.0,108.0,,40.1824,116.4142,Beijing
55090,2020-02-17,381.0,4.0,114.0,,40.1824,116.4142,Beijing
219,2020-02-18,387.0,4.0,122.0,,40.1824,116.4142,Beijing
294,2020-02-19,393.0,4.0,145.0,,40.1824,116.4142,Beijing
14143,2020-02-20,395.0,4.0,153.0,,40.1824,116.4142,Beijing
14059,2020-02-21,396.0,4.0,169.0,,40.1824,116.4142,Beijing
55166,2020-02-22,399.0,4.0,178.0,,40.1824,116.4142,Beijing
55250,2020-02-23,399.0,4.0,189.0,,40.1824,116.4142,Beijing
43760,2020-02-24,399.0,4.0,198.0,,40.1824,116.4142,Beijing
43666,2020-02-25,400.0,4.0,215.0,,40.1824,116.4142,Beijing
15,2020-02-26,400.0,4.0,235.0,,40.1824,116.4142,Beijing
116,2020-02-27,410.0,5.0,248.0,,40.1824,116.4142,Beijing
54192,2020-02-28,410.0,7.0,257.0,,40.1824,116.4142,Beijing
54307,2020-02-29,411.0,8.0,271.0,,40.1824,116.4142,Beijing
13682,2020-03-01,413.0,8.0,276.0,,40.1824,116.4142,Beijing
56091,2020-03-02,414.0,8.0,282.0,,40.1824,116.4142,Beijing
55940,2020-03-03,414.0,8.0,288.0,,40.1824,116.4142,Beijing
34157,2020-03-04,418.0,8.0,297.0,,40.1824,116.4142,Beijing
13200,2020-03-06,422.0,8.0,299.0,,40.1824,116.4142,Beijing
12977,2020-03-07,426.0,8.0,303.0,,40.1824,116.4142,Beijing
56569,2020-03-08,428.0,8.0,308.0,,40.1824,116.4142,Beijing
56303,2020-03-09,428.0,8.0,315.0,,40.1824,116.4142,Beijing
12409,2020-03-10,429.0,8.0,320.0,,40.1824,116.4142,Beijing
12594,2020-03-11,67773.0,3046.0,49134.0,,30.9756,112.2707,Hubei
43205,2020-03-12,67781.0,3056.0,50318.0,,30.9756,112.2707,Hubei
42975,2020-03-13,67786.0,3062.0,51553.0,,30.9756,112.2707,Hubei
54410,2020-03-14,67790.0,3075.0,52960.0,,30.9756,112.2707,Hubei
54659,2020-03-15,67794.0,3085.0,54288.0,,30.9756,112.2707,Hubei
26757,2020-03-16,67798.0,3099.0,55142.0,,30.9756,112.2707,Hubei
26481,2020-03-17,67799.0,3111.0,56003.0,,30.9756,112.2707,Hubei
44128,2020-03-18,67800.0,3122.0,56927.0,,30.9756,112.2707,Hubei
43836,2020-03-19,67800.0,3130.0,57682.0,,30.9756,112.2707,Hubei
55321,2020-03-20,67800.0,3133.0,58382.0,,30.9756,112.2707,Hubei
55620,2020-03-21,67800.0,3139.0,58946.0,,30.9756,112.2707,Hubei
17412,2020-03-23,67800.0,3153.0,59882.0,4765.0,30.9756,112.2707,Hubei
3560,2020-03-24,67801.0,3160.0,60324.0,4317.0,30.9756,112.2707,Hubei
6976,2020-03-25,67801.0,3163.0,60811.0,3827.0,30.9756,112.2707,Hubei
51146,2020-03-26,67801.0,3169.0,61201.0,3431.0,30.9756,112.2707,Hubei
47724,2020-03-27,67801.0,3174.0,61732.0,2895.0,30.9756,112.2707,Hubei
33916,2020-03-28,67801.0,3177.0,62098.0,2526.0,30.9756,112.2707,Hubei
30486,2020-03-29,67801.0,3182.0,62570.0,2049.0,30.9756,112.2707,Hubei
37830,2020-03-30,67801.0,3186.0,62889.0,1726.0,30.9756,112.2707,Hubei
40262,2020-03-31,67801.0,3187.0,63153.0,1461.0,30.9756,112.2707,Hubei
42747,2020-04-01,67802.0,3193.0,63326.0,1283.0,30.9756,112.2707,Hubei
9533,2020-04-02,67802.0,3199.0,63471.0,1132.0,30.9756,112.2707,Hubei
12158,2020-04-03,67802.0,3203.0,63612.0,987.0,30.9756,112.2707,Hubei
26251,2020-04-04,67803.0,3207.0,63762.0,834.0,30.9756,112.2707,Hubei
23569,2020-04-05,67803.0,3210.0,63945.0,648.0,30.9756,112.2707,Hubei
53943,2020-04-06,67803.0,3212.0,64014.0,577.0,30.9756,112.2707,Hubei
20823,3/22/20 9:,67800.0,3144.0,59433.0,5223.0,30.9756,112.2707,Hubei
43436,1/22/2020 ,444.0,17.0,28.0,,30.9756,112.2707,Hubei
43474,1/23/20 17,444.0,17.0,28.0,,30.9756,112.2707,Hubei
54961,1/24/20 17,549.0,24.0,31.0,,30.9756,112.2707,Hubei
54917,1/25/20 17,761.0,40.0,32.0,,30.9756,112.2707,Hubei
27179,1/26/20 16,1058.0,52.0,42.0,,30.9756,112.2707,Hubei
27226,1/27/20 23,1423.0,76.0,45.0,,30.9756,112.2707,Hubei
44412,1/28/20 23,3554.0,125.0,80.0,,30.9756,112.2707,Hubei
44464,1/29/20 19,3554.0,125.0,88.0,,30.9756,112.2707,Hubei
13988,1/30/20 16,4903.0,162.0,90.0,,30.9756,112.2707,Hubei
13926,1/31/2020 ,5806.0,204.0,141.0,,30.9756,112.2707,Hubei
56216,2/1/2020 1,7153.0,249.0,168.0,,30.9756,112.2707,Hubei
13791,2020-02-02,11177.0,350.0,295.0,,30.9756,112.2707,Hubei
13858,2020-02-03,13522.0,414.0,386.0,,30.9756,112.2707,Hubei
13452,2020-02-04,16678.0,479.0,522.0,,30.9756,112.2707,Hubei
13381,2020-02-05,19665.0,549.0,633.0,,30.9756,112.2707,Hubei
34474,2020-02-06,22112.0,618.0,817.0,,30.9756,112.2707,Hubei
34545,2020-02-07,24953.0,699.0,1115.0,,30.9756,112.2707,Hubei
13522,2020-02-08,27100.0,780.0,1439.0,,30.9756,112.2707,Hubei
13594,2020-02-09,29631.0,871.0,1795.0,,30.9756,112.2707,Hubei
43580,2020-02-10,31728.0,974.0,2222.0,,30.9756,112.2707,Hubei
43507,2020-02-11,33366.0,1068.0,2639.0,,30.9756,112.2707,Hubei
12810,2020-02-12,33366.0,1068.0,2686.0,,30.9756,112.2707,Hubei
12883,2020-02-13,48206.0,1310.0,3459.0,,30.9756,112.2707,Hubei
27104,2020-02-14,54406.0,1457.0,4774.0,,30.9756,112.2707,Hubei
27029,2020-02-15,56249.0,1596.0,5623.0,,30.9756,112.2707,Hubei
55002,2020-02-16,58182.0,1696.0,6639.0,,30.9756,112.2707,Hubei
55077,2020-02-17,59989.0,1789.0,7862.0,,30.9756,112.2707,Hubei
206,2020-02-18,61682.0,1921.0,9128.0,,30.9756,112.2707,Hubei
281,2020-02-19,62031.0,2029.0,10337.0,,30.9756,112.2707,Hubei
14130,2020-02-20,62442.0,2144.0,11788.0,,30.9756,112.2707,Hubei
14046,2020-02-21,62662.0,2144.0,11881.0,,30.9756,112.2707,Hubei
55152,2020-02-22,64084.0,2346.0,15299.0,,30.9756,112.2707,Hubei
55236,2020-02-23,64084.0,2346.0,15343.0,,30.9756,112.2707,Hubei
43746,2020-02-24,64287.0,2495.0,16748.0,,30.9756,112.2707,Hubei
43652,2020-02-25,64786.0,2563.0,18971.0,,30.9756,112.2707,Hubei
0,2020-02-26,65187.0,2615.0,20969.0,,30.9756,112.2707,Hubei
101,2020-02-27,65596.0,2641.0,23383.0,,30.9756,112.2707,Hubei
54177,2020-02-28,65914.0,2682.0,26403.0,,30.9756,112.2707,Hubei
54291,2020-02-29,66337.0,2727.0,28993.0,,30.9756,112.2707,Hubei
13666,2020-03-01,66907.0,2761.0,31536.0,,30.9756,112.2707,Hubei
56075,2020-03-02,67103.0,2803.0,33934.0,,30.9756,112.2707,Hubei
55924,2020-03-03,67217.0,2835.0,36208.0,,30.9756,112.2707,Hubei
34141,2020-03-04,67332.0,2871.0,38557.0,,30.9756,112.2707,Hubei
34301,2020-03-05,67466.0,2902.0,40592.0,,30.9756,112.2707,Hubei
13182,2020-03-06,67592.0,2931.0,42033.0,,30.9756,112.2707,Hubei
12957,2020-03-07,67666.0,2959.0,43500.0,,30.9756,112.2707,Hubei
56549,2020-03-08,67707.0,2986.0,45235.0,,30.9756,112.2707,Hubei
56283,2020-03-09,67743.0,3008.0,46488.0,,30.9756,112.2707,Hubei
12388,2020-03-10,67760.0,3024.0,47743.0,,30.9756,112.2707,Hubei
12597,2020-03-11,7755.0,60.0,288.0,,35.907757,127.766922,South Korea
43088,2020-03-11,7979.0,66.0,510.0,,35.907757,127.766922,South Korea
43208,2020-03-12,7869.0,66.0,333.0,,35.907757,127.766922,South Korea
54413,2020-03-14,8086.0,72.0,510.0,,35.907757,127.766922,South Korea
54662,2020-03-15,8162.0,75.0,510.0,,35.907757,127.766922,South Korea
26761,2020-03-16,8236.0,75.0,1137.0,,35.907757,127.766922,South Korea
26486,2020-03-17,8320.0,81.0,1407.0,,35.907757,127.766922,South Korea
44134,2020-03-18,8413.0,84.0,1540.0,,35.907757,127.766922,South Korea
43842,2020-03-19,8565.0,91.0,1540.0,,35.907757,127.766922,South Korea
55327,2020-03-20,8652.0,94.0,1540.0,,35.907757,127.766922,South Korea
55627,2020-03-21,8799.0,102.0,1540.0,,35.907757,127.766922,South Korea
17540,2020-03-23,8961.0,111.0,3166.0,5684.0,35.907757,127.766922,South Korea
3691,2020-03-24,9037.0,120.0,3507.0,5410.0,35.907757,127.766922,South Korea
7109,2020-03-25,9137.0,126.0,3730.0,5281.0,35.907757,127.766922,South Korea
51281,2020-03-26,9241.0,131.0,4144.0,4966.0,35.907757,127.766922,South Korea
47860,2020-03-27,9332.0,139.0,4528.0,4665.0,35.907757,127.766922,South Korea
34053,2020-03-28,9478.0,144.0,4811.0,4523.0,35.907757,127.766922,South Korea
30623,2020-03-29,9583.0,152.0,5033.0,4398.0,35.907757,127.766922,South Korea
37968,2020-03-30,9661.0,158.0,5228.0,4275.0,35.907757,127.766922,South Korea
40401,2020-03-31,9786.0,162.0,5408.0,4216.0,35.907757,127.766922,South Korea
42886,2020-04-01,9887.0,165.0,5567.0,4155.0,35.907757,127.766922,South Korea
9672,2020-04-02,9976.0,169.0,5828.0,3979.0,35.907757,127.766922,South Korea
12297,2020-04-03,10062.0,174.0,6021.0,3867.0,35.907757,127.766922,South Korea
26390,2020-04-04,10156.0,177.0,6325.0,3654.0,35.907757,127.766922,South Korea
23709,2020-04-05,10237.0,183.0,6463.0,3591.0,35.907757,127.766922,South Korea
54083,2020-04-06,10284.0,186.0,6598.0,3500.0,35.907757,127.766922,South Korea
20859,3/22/20 23,8897.0,104.0,2909.0,5884.0,35.907757,127.766922,South Korea
12391,2020-03-10,7513.0,54.0,247.0,,35.907757,127.766922,South Korea
43460,1/22/2020 ,1.0,,,,35.907757,127.766922,South Korea
43498,1/23/20 17,1.0,,,,35.907757,127.766922,South Korea
54998,1/24/20 17,2.0,,,,35.907757,127.766922,South Korea
54954,1/25/20 17,2.0,,,,35.907757,127.766922,South Korea
27218,1/26/20 16,3.0,,,,35.907757,127.766922,South Korea
27265,1/27/20 23,4.0,,,,35.907757,127.766922,South Korea
44451,1/28/20 23,4.0,,,,35.907757,127.766922,South Korea
44503,1/29/20 19,4.0,,,,35.907757,127.766922,South Korea
14028,1/30/20 16,4.0,,,,35.907757,127.766922,South Korea
13963,1/31/2020 ,11.0,,,,35.907757,127.766922,South Korea
56249,2/1/2020 1,12.0,0.0,0.0,,35.907757,127.766922,South Korea
13824,2020-02-02,15.0,0.0,0.0,,35.907757,127.766922,South Korea
13485,2020-02-04,16.0,0.0,0.0,,35.907757,127.766922,South Korea
13414,2020-02-05,19.0,0.0,0.0,,35.907757,127.766922,South Korea
34507,2020-02-06,23.0,0.0,0.0,,35.907757,127.766922,South Korea
13556,2020-02-07,24.0,0.0,1.0,,35.907757,127.766922,South Korea
13628,2020-02-09,25.0,0.0,3.0,,35.907757,127.766922,South Korea
43613,2020-02-10,27.0,0.0,3.0,,35.907757,127.766922,South Korea
43540,2020-02-11,28.0,0.0,3.0,,35.907757,127.766922,South Korea
12844,2020-02-12,28.0,0.0,7.0,,35.907757,127.766922,South Korea
27063,2020-02-15,28.0,0.0,9.0,,35.907757,127.766922,South Korea
55036,2020-02-16,29.0,0.0,9.0,,35.907757,127.766922,South Korea
55111,2020-02-17,30.0,0.0,10.0,,35.907757,127.766922,South Korea
240,2020-02-18,31.0,0.0,12.0,,35.907757,127.766922,South Korea
14155,2020-02-20,104.0,1.0,16.0,,35.907757,127.766922,South Korea
14065,2020-02-21,204.0,2.0,16.0,,35.907757,127.766922,South Korea
55165,2020-02-22,433.0,2.0,16.0,,35.907757,127.766922,South Korea
55246,2020-02-23,602.0,6.0,18.0,,35.907757,127.766922,South Korea
43753,2020-02-24,833.0,8.0,18.0,,35.907757,127.766922,South Korea
43658,2020-02-25,977.0,10.0,22.0,,35.907757,127.766922,South Korea
3,2020-02-26,1261.0,12.0,22.0,,35.907757,127.766922,South Korea
102,2020-02-27,1766.0,13.0,22.0,,35.907757,127.766922,South Korea
54178,2020-02-28,2337.0,13.0,22.0,,35.907757,127.766922,South Korea
54292,2020-02-29,3150.0,16.0,27.0,,35.907757,127.766922,South Korea
13667,2020-03-01,3736.0,17.0,30.0,,35.907757,127.766922,South Korea
56076,2020-03-02,4335.0,28.0,30.0,,35.907757,127.766922,South Korea
55925,2020-03-03,5186.0,28.0,30.0,,35.907757,127.766922,South Korea
34142,2020-03-04,5621.0,35.0,41.0,,35.907757,127.766922,South Korea
34302,2020-03-05,6088.0,35.0,41.0,,35.907757,127.766922,South Korea
13183,2020-03-06,6593.0,42.0,135.0,,35.907757,127.766922,South Korea
12958,2020-03-07,7041.0,44.0,135.0,,35.907757,127.766922,South Korea
56551,2020-03-08,7314.0,50.0,118.0,,35.907757,127.766922,South Korea
56285,2020-03-09,7478.0,53.0,118.0,,35.907757,127.766922,South Korea
43501,1/23/20 17,,,,,4.210484,101.975766,Malaysia
54960,1/25/20 17,3.0,,,,4.210484,101.975766,Malaysia
27224,1/26/20 16,4.0,,,,4.210484,101.975766,Malaysia
27270,1/27/20 23,4.0,,,,4.210484,101.975766,Malaysia
44456,1/28/20 23,4.0,,,,4.210484,101.975766,Malaysia
44508,1/29/20 19,7.0,,,,4.210484,101.975766,Malaysia
14033,1/30/20 16,8.0,,,,4.210484,101.975766,Malaysia
13964,1/31/2020 ,8.0,,,,4.210484,101.975766,Malaysia
56252,1/31/2020 ,8.0,0.0,0.0,,4.210484,101.975766,Malaysia
13829,2020-01-31,8.0,0.0,0.0,,4.210484,101.975766,Malaysia
13490,2020-02-04,10.0,0.0,0.0,,4.210484,101.975766,Malaysia
13417,2020-02-05,12.0,0.0,0.0,,4.210484,101.975766,Malaysia
34583,2020-02-07,12.0,0.0,1.0,,4.210484,101.975766,Malaysia
13559,2020-02-08,16.0,0.0,1.0,,4.210484,101.975766,Malaysia
43616,2020-02-10,18.0,0.0,1.0,,4.210484,101.975766,Malaysia
12846,2020-02-11,18.0,0.0,3.0,,4.210484,101.975766,Malaysia
12918,2020-02-13,19.0,0.0,3.0,,4.210484,101.975766,Malaysia
27064,2020-02-15,22.0,0.0,7.0,,4.210484,101.975766,Malaysia
241,2020-02-18,22.0,0.0,13.0,,4.210484,101.975766,Malaysia
317,2020-02-19,22.0,0.0,15.0,,4.210484,101.975766,Malaysia
42,2020-02-24,22.0,0.0,18.0,,4.210484,101.975766,Malaysia
144,2020-02-27,23.0,0.0,18.0,,4.210484,101.975766,Malaysia
54335,2020-02-29,25.0,0.0,18.0,,4.210484,101.975766,Malaysia
13711,2020-03-01,29.0,0.0,18.0,,4.210484,101.975766,Malaysia
55970,2020-03-03,36.0,0.0,22.0,,4.210484,101.975766,Malaysia
34185,2020-03-04,50.0,0.0,22.0,,4.210484,101.975766,Malaysia
13224,2020-03-06,83.0,0.0,22.0,,4.210484,101.975766,Malaysia
12999,2020-03-07,93.0,0.0,23.0,,4.210484,101.975766,Malaysia
56591,2020-03-08,99.0,0.0,24.0,,4.210484,101.975766,Malaysia
56324,2020-03-09,117.0,0.0,24.0,,4.210484,101.975766,Malaysia
12431,2020-03-10,129.0,0.0,24.0,,4.210484,101.975766,Malaysia
12636,2020-03-11,149.0,0.0,26.0,,4.210484,101.975766,Malaysia
43126,2020-03-11,197.0,0.0,26.0,,4.210484,101.975766,Malaysia
54448,2020-03-14,238.0,0.0,35.0,,4.210484,101.975766,Malaysia
54690,2020-03-15,428.0,0.0,42.0,,4.210484,101.975766,Malaysia
26785,2020-03-16,566.0,0.0,42.0,,4.210484,101.975766,Malaysia
26508,2020-03-17,673.0,2.0,49.0,,4.210484,101.975766,Malaysia
44152,2020-03-18,790.0,2.0,60.0,,4.210484,101.975766,Malaysia
43861,2020-03-19,900.0,2.0,75.0,,4.210484,101.975766,Malaysia
55342,2020-03-20,1030.0,3.0,87.0,,4.210484,101.975766,Malaysia
55643,2020-03-21,1183.0,4.0,114.0,,4.210484,101.975766,Malaysia
17550,2020-03-23,1518.0,14.0,159.0,1345.0,4.210484,101.975766,Malaysia
3703,2020-03-24,1624.0,16.0,183.0,1425.0,4.210484,101.975766,Malaysia
7121,2020-03-25,1796.0,20.0,199.0,1577.0,4.210484,101.975766,Malaysia
51294,2020-03-26,2031.0,23.0,215.0,1793.0,4.210484,101.975766,Malaysia
47873,2020-03-27,2161.0,26.0,259.0,1876.0,4.210484,101.975766,Malaysia
34067,2020-03-28,2320.0,27.0,320.0,1973.0,4.210484,101.975766,Malaysia
30637,2020-03-29,2470.0,35.0,388.0,2047.0,4.210484,101.975766,Malaysia
37982,2020-03-30,2626.0,37.0,479.0,2110.0,4.210484,101.975766,Malaysia
40415,2020-03-31,2766.0,43.0,537.0,2186.0,4.210484,101.975766,Malaysia
42900,2020-04-01,2908.0,45.0,645.0,2218.0,4.210484,101.975766,Malaysia
9687,2020-04-02,3116.0,50.0,767.0,2299.0,4.210484,101.975766,Malaysia
12312,2020-04-03,3333.0,53.0,827.0,2453.0,4.210484,101.975766,Malaysia
26405,2020-04-04,3483.0,57.0,915.0,2511.0,4.210484,101.975766,Malaysia
23724,2020-04-05,3662.0,61.0,1005.0,2596.0,4.210484,101.975766,Malaysia
54098,2020-04-06,3793.0,62.0,1241.0,2490.0,4.210484,101.975766,Malaysia
20870,3/22/20 23,1306.0,10.0,139.0,1157.0,4.210484,101.975766,Malaysia
27275,1/27/20 23,4.0,,,,-33.8688,151.2093,Sydney
44461,1/28/20 23,4.0,,,,-33.8688,151.2093,Sydney
44513,1/29/20 19,4.0,,,,-33.8688,151.2093,Sydney
14038,1/30/20 16,4.0,,2.0,,-33.8688,151.2093,Sydney
13967,1/31/2020 ,4.0,,2.0,,-33.8688,151.2093,Sydney
56257,2/1/2020 1,4.0,0.0,2.0,,-33.8688,151.2093,Sydney
13423,2020-02-01,4.0,0.0,2.0,,-33.8688,151.2093,Sydney
12855,2020-02-06,4.0,0.0,2.0,,-33.8688,151.2093,Sydney
54,2020-02-13,4.0,0.0,4.0,,-33.8688,151.2093,Sydney
13731,2020-03-01,6.0,0.0,4.0,,-33.8688,151.2093,Sydney
55981,2020-03-03,13.0,0.0,4.0,,-33.8688,151.2093,Sydney
34198,2020-03-04,22.0,1.0,4.0,,-33.8688,151.2093,Sydney
13240,2020-03-06,26.0,1.0,4.0,,-33.8688,151.2093,Sydney
13017,2020-03-07,28.0,1.0,4.0,,-33.8688,151.2093,Sydney
56610,2020-03-08,38.0,3.0,4.0,,-33.8688,151.2093,Sydney
56340,2020-03-09,48.0,3.0,4.0,,-33.8688,151.2093,Sydney
12449,2020-03-10,55.0,2.0,4.0,,-33.8688,151.2093,Sydney
12655,2020-03-11,65.0,2.0,4.0,,-33.8688,151.2093,Sydney
43014,2020-03-11,92.0,2.0,4.0,,-33.8688,151.2093,Sydney
54471,2020-03-14,112.0,2.0,4.0,,-33.8688,151.2093,Sydney
54716,2020-03-15,134.0,2.0,4.0,,-33.8688,151.2093,Sydney
26812,2020-03-16,171.0,2.0,4.0,,-33.8688,151.2093,Sydney
26537,2020-03-17,210.0,4.0,4.0,,-33.8688,151.2093,Sydney
44176,2020-03-18,267.0,5.0,4.0,,-33.8688,151.2093,Sydney
43891,2020-03-19,307.0,5.0,4.0,,-33.8688,151.2093,Sydney
55381,2020-03-20,353.0,6.0,4.0,,-33.8688,151.2093,Sydney
55677,2020-03-21,436.0,6.0,4.0,,-33.8688,151.2093,Sydney
17427,2020-03-23,669.0,6.0,4.0,659.0,-33.8688,151.2093,Sydney
3575,2020-03-24,818.0,7.0,4.0,807.0,-33.8688,151.2093,Sydney
6991,2020-03-25,1029.0,7.0,4.0,1018.0,-33.8688,151.2093,Sydney
51161,2020-03-26,1219.0,7.0,4.0,1208.0,-33.8688,151.2093,Sydney
47739,2020-03-27,1405.0,7.0,4.0,1394.0,-33.8688,151.2093,Sydney
33931,2020-03-28,1617.0,8.0,4.0,1605.0,-33.8688,151.2093,Sydney
30501,2020-03-29,1791.0,8.0,4.0,1779.0,-33.8688,151.2093,Sydney
37845,2020-03-30,2032.0,8.0,4.0,2020.0,-33.8688,151.2093,Sydney
40277,2020-03-31,2032.0,8.0,4.0,2020.0,-33.8688,151.2093,Sydney
42762,2020-04-01,2182.0,9.0,4.0,2169.0,-33.8688,151.2093,Sydney
9548,2020-04-02,2298.0,10.0,4.0,2284.0,-33.8688,151.2093,Sydney
12173,2020-04-03,2389.0,12.0,4.0,2373.0,-33.8688,151.2093,Sydney
26266,2020-04-04,2493.0,12.0,4.0,2477.0,-33.8688,151.2093,Sydney
23584,2020-04-05,2580.0,16.0,4.0,2560.0,-33.8688,151.2093,Sydney
53958,2020-04-06,2637.0,18.0,4.0,2615.0,-33.8688,151.2093,Sydney
20810,3/22/20 23,669.0,6.0,4.0,659.0,-33.8688,151.2093,Sydney
